USE CUAHANGSACH_ONLINE
-------------------------------------------------------------------------------
insert into DANHMUC
values
('D01',N'Sách thiếu nhi'),
('D02',N'Đoàn - Đội - Hội'),
('D03',N'Sách lịch sử'),
('D04',N'Thơ'),
('D05',N'Sách thiếu nhi, Đoàn - Đội - Hội ,Sách lịch sử, Thơ');
delete from DANHMUC
select *
from DANHMUC
-------------------------------------------------------------------------------
insert into NHACUNGCAP
values
('KD1618',N'Nhà xuất bản Kim Đồng','1900571595'),
('XBT215',N'Nhà xuất bản Trẻ','0254360011'),
('TH1977',N'Nhà xuất bản Tổng hợp thành phố Hồ Chí Minh','0283825687'),
('HNV1957',N'Nhà xuất bản Hội Nhà Văn','2438222177');

SELECT *
from NHACUNGCAP
delete from NHACUNGCAP
-------------------------------------------------------------------------------
insert into GIAMGIA_DONHANG
values 
('GG01',10,'PHANTRAM','Khai Trương',500,1,10000000,'2023/5/3','2023/5/10','1','2023/5/3','2023/5/10'),
('GG02',20,'PHANTRAM','Khai Trương',500,11,20000000,'2023/5/3','2023/5/10','1','2023/5/3','2023/5/10'),
('GG03',30,'PHANTRAM','Khai Trương',500,21,30000000,'2023/5/3','2023/5/10','1','2023/5/3','2023/5/10'),
('GG04',1300000,'GIATRI','Khai Trương',500,31000000,4000000,'2023/5/3','2023/5/10','1','2023/5/3','2023/5/10'),
('GG05','30','PHANTRAM','Khai Trương','500','1','10','2023/5/3','2023/5/10','1','2023/5/3','2023/5/10');



select *
From GIAMGIA_DONHANG
DELETE FROM GIAMGIA_DONHANG
-------------------------------------------------------------------------------
 insert into GIAMGIA_DANHMUC
 values 
('DM01','15','PHANTRAM','Khai Trương','500','1','10000','2023/5/3','2023/5/10','1','2023/5/3','2023/5/10'),
('DM02','10','PHANTRAM','Khai Trương','500','1','10','2023/5/3','2023/5/10','1','2023/5/3','2023/5/10'),
('DM03','10','PHANTRAM','Khai Trương','500','1','10','2023/5/3','2023/5/10','1','2023/5/3','2023/5/10'),
('DM04','10','PHANTRAM','Khai Trương','500','1','10','2023/5/3','2023/5/10','1','2023/5/3','2023/5/10'),
('DM05','20','PHANTRAM','Khai Trương','500','2000000','10','2023/5/3','2023/5/10','1','2023/5/3','2023/5/10');


select *
from GIAMGIA_DANHMUC
DELETE FROM GIAMGIA_DANHMUC
-------------------------------------------------------------------------------
insert into DANHMUC_GIAM
values 
('DM01','D01' ),
('DM02','D02' ),
('DM03','D03' ),
('DM04','D04' ),
('DM05','D05' );

select *
from DANHMUC_GIAM
DELETE FROM DANHMUC_GIAM
-------------------------------------------------------------------------------
 insert into KHACHHANG
values 
('A001','Hoang123','123',N'Huy Hoàng','2003/11/25',N'Nam','035445385','huyhoang03@gmail.com'),
('A002','Vanthai','123',N'Văn Thái','2001/12/03',N'Nam','033781478','thai0312@gmail.com'),
('A003','Lyys','123',N'Trần Lý','2003/02/06',N'Nữ','038758015','lyus123@gmail.com'),
('A004','Hkhai1','123',N'Hứa Khải','1998/11/08',N'Nam','039548751','khaicon12@gmail.com'),
('A005','Haoga','123',N'Thanh Hảo','1995/03/08',N'Nam','037841579','haothanh1@gmail.com'),
('A006','Vson12','123',N'Văn Sơn','1992/12/07',N'Nam','091544124','Vanson1@gmail.com'),
('A007','Tmyus','123',N'Trà My','1999/06/02',N'Nữ','082457785','myus256@gmail.com'),
('A008','TTHuy','123',N'Thanh Thúy','2000/01/15',N'Nữ','088578321','thanhhthuyy1@gmail.com'),
('A009','Ngochai1','123',N'Ngọc Hải','2000/09/07',N'Nam','033784265','ngochai19@gmail.com'),
('A010','Tngan95','123',N'Thu Ngân','1995/06/24',N'Nữ','084045047','ngan95@gmail.com'),
('A011','Hangeng','123',N'Mỹ Hạnh','2005/11/03',N'Nữ','077563354','hanhcute@gmail.com'),
('A012','Phutrinh','123',N'Thanh Phú','2004/10/10',N'Nam','077354751','phuthanh1@gmail.com'),
('A013','Kietlac1','123',N'Thế Kiệt','2003/12/11',N'Nam','092547751','kietlac@gmail.com'),
('A014','QViet1','123',N'Quốc Việt','1999/08/17',N'Nam','058654247','vietne@gmail.com'),
('A015','Hane1','123',N'Đỗ Hà','2003/10/25',N'Nữ','034876951','hageng@gmail.com'),
('A016','Thuc2004','123',N'Minh Thức','2004/03/04',N'Nam','058984574','MThuc1@gmail.com'),
('A017','Man2k5','123',N'Triệu Mẫn','2005/07/24',N'Nữ','038356412','TrMan25@gmail.com'),
('A018','Hien21','123',N'Minh Hiển','1995/12/26',N'Nam','092658941','Hien21@gmail.com'),
('A019','ĐHau1','123',N'Đức Hậu','1996/04/17',N'Nam','037357963','DucHau2@gmail.com'),
('A020','Duy2007','123',N'Hoàng Duy','2007/11/23',N'Nam','035420799','Duytre2@gmail.com'),
('A021','Cloud','123',N'Thúy Vân','2003/12/03',N'Nữ','058654247','Cloudugh@gmail.com'),
('A022','My12','123',N'Huyền My','1992/09/03',N'Nữ','084681459','HMyne1@gmail.com'),
('A023','Dungga','123',N'Xuân Dũng','2006/01/03',N'Nam','077632148','Dungga1@gmail.com'),
('A024','Winwin','123',N'Tất Thắng','1998/03/18',N'Nam','035963469','Winga1@gmail.com'),
('A025','Lamhd','123',N'Ngọc Lâm','2001/06/12',N'Nam','077365475','NLAmHD@gmail.com'),
('A026','ThuTT','123',N'Minh Thư','2003/04/09',N'Nữ','077367841','MThune@gmail.com'),
('A027','Hieuex','123',N'Minh Hiếu','1999/08/12',N'Nam','033984216','MHieu12345@gmail.com'),
('A028','QTram2','123',N'Quỳnh Trâm','2005/03/19',N'Nữ','037326987','QTram2@gmail.com'),
('A029','TVine','123',N'Thảo Vi','2009/10/23',N'Nữ','088245965','TVia1@gmail.com'),
('A030','HungA1','123',N'Đình Hùng','2002/11/13',N'Nam','035301543','HnA1@gmail.com'),
('A031','XVan2','123',N'Xuân Vân','1995/12/26',N'Nữ','092365478','XVanPT@gmail.com'),
('A032','Trung2','123',N'Đình Trung','2005/11/03',N'Nam','077631547','DTrung123@gmail.com'),
('A033','Truong987','123',N'Xuân Trường','1996/10/26',N'Nam','092954621','LXTruong@gmail.com'),
('A034','Txuaan1','123',N'Thanh Xuân','1999/12/20',N'Nữ','088635746','ThanhXuan1@gmail.com'),
('A035','Quocga1','123',N'Xuân Quốc','1998/11/12',N'Nam','092365478','XQuocne@gmail.com'),
('A036','HChien','123',N'Hoàng Chiến','2003/11/04',N'Nam','0337539867','youth0411@gmail.com'),
('A037','Thhhien','123',N'Thiên Thiên','2001/03/11',N'Nữ','092362457','Thhienthien@gmail.com'),
('A038','Kietlacc','123',N'Văn Kiệt','1992/06/12',N'Nam','088364874','Kiet1@gmail.com'),
('A039','Trang1','123',N'Mai Trang','1996/09/15',N'Nữ','077658743','Trangg@gmail.com'),
('A040','Vuongvan1','123',N'Thiên Vương','1995/03/12',N'Nam','035365745','Vuongvan@gmail.com');
select *
from KHACHHANG
delete from KHACHHANG
-------------------------------------------------------------------------------


insert into DIACHINHAN
values 
('LD1','A001',N'Huy Hoàng','035445385',N'Phú Dương',N'Lâm Hà',N'Lâm Đồng',N'Giao vào buổi sáng'),
('LD11','A009',N'Ngọc Hải','033784265',N'Nam Ban',N'Lâm Hà',N'Lâm Đồng',N'Lúc nào cũng được'),
('LD10','A012',N'Thanh Phú','077354751',N'Đinh Văn',N'Lâm Hà',N'Lâm Đồng',N'Giao vào buổi chiều'),
('LD13','A014',N'Quốc Việt','058654247',N'Liên Hà',N'Lâm Hà',N'Lâm Đồng',N'Lúc nào cũng được'),
('LD12','A013',N'Thế Kiệt','092547751',N'Đức Trọng',N'Lâm Hà',N'Lâm Đồng',N'giao lúc 8h sáng'),
('LD2','A008',N'Thanh Thúy','088578321',N'Phú Dương',N'Lâm Hà',N'Lâm Đồng',N'Giao bào buổi chiều'),
('LD3','A011',N'Mỹ Hạnh','077563354',N'Hoài Đức',N'Lâm Hà',N'Lâm Đồng',N'Lúc nào cũng được'),
('LD4','A006',N'Văn Sơn','091544124',N'Hoài Đức',N'Lâm Hà',N'Lâm Đồng',N'Lúc nào cũng được'),
('LD5','A010',N'Thu Ngân','084045047',N'Tân Thanh',N'Lâm Hà',N'Lâm Đồng',N'Giao lúc 12h trưa'),
('LD6','A005',N'Thanh Hảo','037841579',N'Tân Thanh',N'Lâm Hà',N'Lâm Đồng',N'Lúc nào cũng được'),
('LD7','A007',N'Trà My','082457785',N'Phúc Thọ',N'Lâm Hà',N'Lâm Đồng',N'Giao vào buổi tối'),
('LD8','A002',N'Văn Thái','033781478',N'Phúc Thọ',N'Lâm Hà',N'Lâm Đồng',N'Lúc nào cũng được'),
('SG1','A015',N'Đỗ Hà','034876951',N'KTX Khu B',N'Dĩ An',N'Bình Dương ',N'Giao vào buổi chiều'),
('SG2','A004',N'Hứa Khải','039548751',N'KTX Khu A',N'Dĩ An',N'Bình Dương ',N'Lúc nào cũng được'),
('LD9','A003',N'Trần Lý','038758015',N'Phú Dương',N'Lâm Hà',N'Lâm Đồng',N'Giao 11h trưa'),
('LD14','A016',N'Minh Thức','058984574',N'Phú Dương',N'Lâm Hà',N'Lâm Đồng',N'Giao vào buổi sáng'),
('SG3','A017',N'Triệu Mẫn','038356412',N'KTX Khu A',N'Dĩ An',N'Bình Dương ',N'Lúc nào cũng được'),
('LD18','A018',N'Minh Hiển','092658941',N'Đức Trọng',N'Lâm Hà',N'Lâm Đồng',N'Lúc nào cũng được'),
('SG4','A019',N'Đức Hậu','037357963',N'KTX Khu A',N'Dĩ An',N'Bình Dương ',N'Giao vào buổi chiều'),
('LD19','A020',N'Hoàng Duy','035420799',N'Đức Trọng',N'Lâm Hà',N'Lâm Đồng',N'Lúc nào cũng được'),
('LD20','A021',N'Thúy Vân','058654247',N'Phúc Thọ',N'Lâm Hà',N'Lâm Đồng',N'Lúc nào cũng được'),
('LD21','A022',N'Huyền My','084681459',N'Tân Thanh',N'Lâm Hà',N'Lâm Đồng',N'Lúc nào cũng được'),
('SG5','A023',N'Xuân Dũng','077632148',N'KTX Khu A',N'Dĩ An',N'Bình Dương ',N'Lúc nào cũng được'),
('LD22','A024',N'Tất Thắng','035963469',N'Nam Ban',N'Lâm Hà',N'Lâm Đồng',N'Lúc nào cũng được'),
('SG6','A025',N'Ngọc Lâm','077365475',N'KTX Khu B',N'Dĩ An',N'Bình Dương ',N'Lúc nào cũng được'),
('LD23','A026',N'Minh Thư','077367841',N'Phú Dương',N'Lâm Hà',N'Lâm Đồng',N'Giao vào buổi sáng'),
('LD24','A027',N'Minh Hiếu','033984216',N'Tân Thanh',N'Lâm Hà',N'Lâm Đồng',N'Lúc nào cũng được'),
('SG7','A028',N'Quỳnh Trâm','037326987',N'KTX Khu B',N'Dĩ An',N'Bình Dương ',N'Giao vào buổi chiều'),
('LD25','A029',N'Thảo Vi','088245965',N'Nam Ban',N'Lâm Hà',N'Lâm Đồng',N'Lúc nào cũng được'),
('LD26','A030',N'Đình Hùng','035301543',N'Phúc Thọ',N'Lâm Hà',N'Lâm Đồng',N'Lúc nào cũng được'),
('LD27','A031',N'Xuân Vân','092365478',N'Phú Dương',N'Lâm Hà',N'Lâm Đồng',N'Giao vào buổi sáng'),
('LD28','A032',N'Đình Trung','077631547',N'Phúc Thọ',N'Lâm Hà',N'Lâm Đồng',N'Lúc nào cũng được'),
('LD29','A033',N'Xuân Trường','092954621',N'Phú Dương',N'Lâm Hà',N'Lâm Đồng',N'Giao vào buổi trưa'),
('LD30','A034',N'Thanh Xuân','088635746',N'Phú Dương',N'Lâm Hà',N'Lâm Đồng',N'Giao vào 8h sáng'),
('LD31','A035',N'Xuân Quốc','092365478',N'Phú Dương',N'Lâm Hà',N'Lâm Đồng',N'Giao vào buổi tối'),
('LD32','A036',N'Hoàng Chiến','0337539867',N'Phú Dương',N'Lâm Hà',N'Lâm Đồng',N'Giao vào buổi chiều'),
('LD33','A037',N'Thiên Thiên','092362457',N'Phú Dương',N'Lâm Hà',N'Lâm Đồng',N'Giao vào buổi sáng'),
('LD34','A038',N'Văn Kiệt','088364874',N'Phú Dương',N'Lâm Hà',N'Lâm Đồng',N'Giao vào buổi sáng'),
('LD35','A039',N'Mai Trang','077658743',N'Phú Dương',N'Lâm Hà',N'Lâm Đồng',N'Lúc nào cũng được'),
('LD36','A040',N'Thiên Vương','077658743',N'Phú Dương',N'Lâm Hà',N'Lâm Đồng',N'Giao vào buổi sáng'),
('LD37','A001',N'Huy Hoàng','035445385',N'Phú Dương',N'Lâm Hà',N'Lâm Đồng',N'Lúc nào cũng được'),
('LD39','A002',N'Văn Thái','033781478',N'Phúc Thọ',N'Lâm Hà',N'Lâm Đồng',N'Lúc nào cũng được'),
('SG16','A003',N'Trần Lý','038758015',N'Phú Dương',N'Lâm Hà',N'Lâm Đồng',N'Giao 11h trưa'),
('SG17','A004',N'Hứa Khải','039548751',N'KTX Khu A',N'Dĩ An',N'Bình Dương ',N'Lúc nào cũng được'),
('LD42','A005',N'Thanh Hảo','037841579',N'Tân Thanh',N'Lâm Hà',N'Lâm Đồng',N'Lúc nào cũng được'),
('LD43','A006',N'Văn Sơn','091544124',N'Hoài Đức',N'Lâm Hà',N'Lâm Đồng',N'Lúc nào cũng được'),
('LD44','A007',N'Trà My','082457785',N'Phúc Thọ',N'Lâm Hà',N'Lâm Đồng',N'Giao vào buổi tối'),
('LD45','A008',N'Thanh Thúy','088578321',N'Phú Dương',N'Lâm Hà',N'Lâm Đồng',N'Giao bào buổi chiều'),
('LD46','A009',N'Ngọc Hải','033784265',N'Nam Ban',N'Lâm Hà',N'Lâm Đồng',N'Lúc nào cũng được'),
('LD47','A010',N'Thu Ngân','084045047',N'Tân Thanh',N'Lâm Hà',N'Lâm Đồng',N'Giao lúc 12h trưa'),
('LD48','A011',N'Mỹ Hạnh','077563354',N'Hoài Đức',N'Lâm Hà',N'Lâm Đồng',N'Lúc nào cũng được'),
('LD49','A012',N'Thanh Phú','077354751',N'Đinh Văn',N'Lâm Hà',N'Lâm Đồng',N'Giao vào buổi chiều'),
('LD50','A013',N'Thế Kiệt','092547751',N'Đức Trọng',N'Lâm Hà',N'Lâm Đồng',N'giao lúc 8h sáng'),
('LD51','A014',N'Quốc Việt','058654247',N'Liên Hà',N'Lâm Hà',N'Lâm Đồng',N'Lúc nào cũng được'),
('SG18','A015',N'Đỗ Hà','034876951',N'KTX Khu B',N'Dĩ An',N'Bình Dương ',N'Giao vào buổi chiều'),
('LD52','A016',N'Minh Thức','058984574',N'Phú Dương',N'Lâm Hà',N'Lâm Đồng',N'Giao vào buổi sáng'),
('SG19','A017',N'Triệu Mẫn','038356412',N'KTX Khu A',N'Dĩ An',N'Bình Dương ',N'Lúc nào cũng được'),
('SG20','A018',N'Minh Hiển','092658941',N'Đức Trọng',N'Lâm Hà',N'Lâm Đồng',N'Lúc nào cũng được'),
('SG21','A019',N'Đức Hậu','037357963',N'KTX Khu A',N'Dĩ An',N'Bình Dương ',N'Giao vào buổi chiều'),
('LD53','A020',N'Hoàng Duy','035420799',N'Đức Trọng',N'Lâm Hà',N'Lâm Đồng',N'Lúc nào cũng được'),
('LD54','A021',N'Thúy Vân','058654247',N'Phúc Thọ',N'Lâm Hà',N'Lâm Đồng',N'Lúc nào cũng được'),
('LD55','A022',N'Huyền My','084681459',N'Tân Thanh',N'Lâm Hà',N'Lâm Đồng',N'Lúc nào cũng được'),
('SG22','A023',N'Xuân Dũng','077632148',N'KTX Khu A',N'Dĩ An',N'Bình Dương ',N'Lúc nào cũng được'),
('LD56','A024',N'Tất Thắng','035963469',N'Nam Ban',N'Lâm Hà',N'Lâm Đồng',N'Lúc nào cũng được');
delete from DIACHINHAN

sELECT *
FROM DIACHINHAN
-------------------------------------------------------------------------------
insert into SANPHAM  
values 
('C01','D01','KD1618',N'Lời Cảm ơn','300000',N'Tâm Hằng','Cứng','50','2023/5/3','2023/5/10'),
('C02','D01','KD1618',N'Người bạn đầu tiên','40000',N'Nguyễn Quang Sáng','Mềm','40','2023/5/3','2023/5/10'),
('C03','D01','KD1618',N'Tuổi thơ dữ dội','60000',N'Phùng Quán','Mềm','40','2023/5/3','2023/5/10'),
('C04','D01','KD1618',N'Kính vạn hoa','300000',N'Nguyễn Nhật Ánh','Cứng','40','2023/5/3','2023/5/10'),
('C05','D03','XBT215',N'Bộ sách Hồ Chí Minh','148000',N'Hồ Chí Minh','Mềm','50','2023/5/3','2023/5/10'),
('C06','D02','XBT215',N'Lịch sử nước ta','80000',N'Hồ Chí Minh','Mềm','50','2023/5/3','2023/5/10'),
('C07','D02','XBT215',N'Trẻ em như búp trên cành','60000',N'Nguyễn Ái Quốc','Cứng ','40','2023/5/3','2023/5/10'),
('C11','D02','XBT215',N'Thư gửi thanh niên','1030000',N'Hồ Chí Minh','Mềm','8','2023/5/3','2023/5/10'),
('C08','D03','TH1977',N' Võ Thị Sáu','30000',N'Nguyễn Đình Thống','Mềm','50','2023/5/3','2023/5/10'),
('C09','D03','TH1977',N'Theo dấu chân bác Hồ','64000',N'Nguyễn Đức Quý','Cứng','60','2023/5/3','2023/5/10'),
('C10','D03','TH1977',N'Sử ta - Chuyện xưa - Kể lại','90000',N'Nguyễn Huy Thắng','Cứng','9','2023/5/3','2023/5/10'),
('C16','D01','TH1977',N'Bộ Sách Những Chuyến Phiêu Lưu Của Mèo Tita','194000',N'Lam','Cứng','12','2023/5/3','2023/5/10'),
('C12','D01','TH1977',N'Bộ sách “Bé học kỹ năng sống tự lập','213000',N'Lê Thị Linh Trang','Cứng','15','2023/5/3','2023/5/10'),
('C13','D04','HNV1957',N'Đừng kể công cho mẹ','68000',N'Nguyễn Hữu Quý','Mềm','40','2023/5/3','2023/5/10'),
('C14','D04','HNV1957',N'Yao','80000',N'Lý Hữu Lương','Cứng','7','2023/5/3','2023/5/10'),
('C15','D04','HNV1957',N' Ngã ba sông','100000',N'Nguyễn Thành Phong','Mềm','15','2023/5/3','2023/5/10'),
('C33','D01','KD1618',N'Ba tớ là runner ','1430000',N'Bùi Phương Tâm','CNứng','16','2023/5/3','2023/5/10'),
('C17','D02','XBT215',N'KỸ NĂNG SỐNG CHO TUỔI VỊ THÀNH NIÊN','60000','Nguyễn Thị Oanh','Cứng','16','2023/5/3','2023/5/10'),
('C18','D03','TH1977',N'Hồ Chí Minh: Đổi mới - Hội nhập - Phát triển','180000',N'Bùi Đình Phong','Cứng','20','2023/5/3','2023/5/10'),
('C19','D04','HNV1957',N'Biến thể','90000',N'Nguyễn Nho Khiêm','Cứng','9','2023/5/3','2023/5/10'),
('C20','D03','TH1977',N'Lòng nhân ái của Bác Hồ','210000',N'Trần Đình Việt ','Cứng','50','2023/5/3','2023/5/10'),
('C21','D02','XBT215',N'LÀM VIỆC THEO NHÓM','530000',N'Nguyễn Thị Oanh','Mềm','19','2023/5/3','2023/5/10'),
('C22','D04','HNV1957',N'Sự tích muôn loài ','98000',N'Trần Hồng Giang','Mềm','7','2023/5/3','2023/5/10'),
('C23','D03','TH1977',N'30 năm chiến tranh cách mạng Việt Nam (1954-1975)','112000',N'Nguyễn Huy Toàn','Cứng','20','2023/5/3','2023/5/10'),
('C24','D01','KD1618',N'Combo chuột chinpui','100000',N' Fujiko F Fujio','Mềm','13','2023/5/3','2023/5/10'),
('C25','D04','HNV1957',N'Giấc người ','1230000',N'Nho Khiêm','Mềm','11','2023/5/3','2023/5/10'),
('C26','D03','TH1977',N'Đảng Cho Ta Mùa Xuân','40000',N'Võ Trường Sơn','Mềm','35','2023/5/3','2023/5/10'),
('C27','D02','XBT215',N'LỜI BÁC DẠY THANH THIẾU NHI','52000',N'Trần Văn Phương','Cứng','21','2023/5/3','2023/5/10'),
('C28','D01','KD1618',N'COMBO MÈO MOG MẬP','2230000',N' Judith Kerr','Mềm','9','2023/5/3','2023/5/10'),
('C29','D03','TH1977',N'Di Chúc Của Chủ Tịch Hồ Chí Minh (VHVN)','30000',N'Hồ Chí Minh','Cứng','50','2023/5/3','2023/5/10'),
('C30','D02','XBT215',N'Tuổi trẻ Sài Gòn mậu thân 1968','3300000',N'Nhiều tác giả','Cứng','15','2023/5/3','2023/5/10'),
('C31','D04','HNV1957',N'Bên cửa sổ','140000',N'Nguyễn Nho Khiêm','Cứng','10','2023/5/3','2023/5/10'),
('C32','D01','KD1618',N'Combo con yêu gia đình','160000',N'Linh Vương ','Cứng','20','2023/5/3','2023/5/10');
select *
from SANPHAM
delete from SANPHAM


	

-------------------------------------------------------------------------------
insert into GIOHANG
values 
('A002','C02',N'Người bạn đầu tiên','2','2023/5/3','2023/5/10'),
('A001','C01',N'Lời Cảm ơn','1','2023/5/3','2023/5/10'),
('A004','C03',N'Tuổi thơ dữ dội','1','2023/5/3','2023/5/10'),
('A005','C09',N'Theo dấu chân Bác Hồ','5','2023/5/3','2023/5/10'),
('A006','C08',N'Võ Thị Sáu','2','2023/5/3','2023/5/10'),
('A007','C05',N'Bộ sách Hồ Chí Minh','10','2023/5/3','2023/5/10'),
('A008','C06',N'Lịch sử nước ta','1','2023/5/3','2023/5/10'),
('A010','C04',N'Kính vạn hoa','3','2023/5/3','2023/5/10'),
('A011','C07',N'Trẻ em như búp trên cành','5','2023/5/3','2023/5/10'),
('A003','C10',N'Sử ta - Chuyện xưa - Kể lại','3','2023/5/3','2023/5/10'),
('A012','C13',N' Đừng kể công cho mẹ','5','2023/5/3','2023/5/10'),
('A014','C15',N' Ngã ba sông','2','2023/5/3','2023/5/10'),
('A015','C11',N'Thư gửi thanh niên','3','2023/5/3','2023/5/10'),
('A009','C12',N' Bộ sách “Bé học kỹ năng sống tự lập','5','2023/5/3','2023/5/10'),
('A013','C14',N' Yao','4','2023/5/3','2023/5/10'),
('A016','C33',N'Ba tớ là runner ','3','2023/5/3','2023/5/10'),
('A017','C17',N'KỸ NĂNG SỐNG CHO TUỔI VỊ THÀNH NIÊN','5','2023/5/3','2023/5/10'),
('A018','C18',N'Hồ Chí Minh: Đổi mới - Hội nhập - Phát triển','15','2023/5/3','2023/5/10'),
('A019','C19',N' Biến thể','1','2023/5/3','2023/5/10'),
('A020','C20',N' Lòng nhân ái của Bác Hồ','16','2023/5/3','2023/5/10'),
('A021','C21',N' LÀM VIỆC THEO NHÓM','6','2023/5/3','2023/5/10'),
('A022','C22',N' Sự tích muôn loài ','2','2023/5/3','2023/5/10'),
('A023','C23',N' 30 năm chiến tranh cách mạng Việt Nam (1954-1975)','13','2023/5/3','2023/5/10'),
('A024','C24',N' Combo chuột chinpui','1','2023/5/3','2023/5/10'),
('A025','C25',N' Giấc người','2','2023/5/3','2023/5/10'),
('A026','C26',N' Đảng Cho Ta Mùa Xuân','19','2023/5/3','2023/5/10'),
('A027','C27',N'LỜI BÁC DẠY THANH THIẾU NHI','10','2023/5/3','2023/5/10'),
('A028','C28',N' COMBO MÈO MOG MẬP','1','2023/5/3','2023/5/10'),
('A029','C29',N' Di Chúc Của Chủ Tịch Hồ Chí Minh (VHVN)','30','2023/5/3','2023/5/10'),
('A030','C30',N' Tuổi trẻ Sài Gòn mậu thân 1968','9','2023/5/3','2023/5/10'),
('A031','C31',N' Bên cửa sổ','1','2023/5/3','2023/5/10'),
('A032','C32',N' Combo con yêu gia đình','3','2023/5/3','2023/5/10');



SELECT *
FROM GIOHANG
WHERE SoLuong >1 
DELETE FROM GIOHANG
-------------------------------------------------------------------------

insert into DONHANG 
values
('DH001','A001','GG01','LD1','2023/5/3','2023/5/4','300000','10','30000','255000',N'Đã giao','2023/5/3','2023/5/10'),
('DH010','A015','GG01','SG1','2023/5/3','2023/5/5','1030000','10','30000','114000',N'Đã giao','2023/5/3','2023/5/10'),
('DH009','A011','GG03','LD3','2023/5/3','2023/5/4','300000','20','30000','2480000',N'Đã giao','2023/5/3','2023/5/10'),
('DH008','A010','GG02','LD5','2023/5/4','2023/5/5','1300000','15','30000','152000',N'Đã giao','2023/5/3','2023/5/10'),
('DH004','A007','GG04','LD7','2023/5/3','2023/5/4','1480000','25','30000','992000',N'Đã giao','2023/5/3','2023/5/10'),
('DH011','A008','GG01','LD2','2023/5/3','2023/5/4','80000','10','30000','78000',N'Đã giao','2023/5/3','2023/5/10'),
('DH007','A002','GG02','LD8','2023/5/6','2023/5/7','80000','15','30000','78000',N'Đã giao','2023/5/3','2023/5/10'),
('DH003','A004','GG01','SG2','2023/5/6','2023/5/8','60000','10','10000','50000',N'Đã giao','2023/5/3','2023/5/10'),
('DH002','A006','GG02','LD4','2023/5/4','2023/5/5','120000','15','30000','110000',N'Đã giao','2023/5/3','2023/5/10'),
('DH005','A005','GG03','LD6','2023/5/3','2023/5/4','320000','20','30000','254000',N'Đã giao','2023/5/3','2023/5/10'),
('DH006','A003','GG01','LD9','2023/5/3','2023/5/4','90000','10','30000','88000',N'Đã giao','2023/5/3','2023/5/10'),
('DH012','A009','GG03','LD11','2023/5/7','2023/5/8','10630000','20','30000','725500',N'Đã giao','2023/5/3','2023/5/10'),
('DH015','A012','GG01','LD10','2023/5/5','2023/5/6','68000','10','30000','60000',N'Đã giao','2023/5/3','2023/5/10'),
('DH013','A014','GG02','LD13','2023/5/8','2023/5/9','200000','15','30000','1780000',N'Đã giao','2023/5/3','2023/5/10'),
('DH014','A013','GG01','LD12','2023/5/3','2023/5/4','80000','10','30000','75000',N'Đã giao','2023/5/3','2023/5/10'),
('DH016','A016','GG02','LD14','2023/5/8','2023/5/9','4330000','15','30000','326250',N'Đã giao','2023/5/3','2023/5/10'),
('DH017','A017','GG02','SG3','2023/5/8','2023/5/9','300000','15','30000','2350000',N'Đã giao','2023/5/3','2023/5/10'),
('DH018','A018','GG05','LD18','2023/5/8','2023/5/9','2700000','30','30000','1910000',N'Đã giao','2023/5/3','2023/5/10'),
('DH019','A019','GG01','SG4','2023/5/8','2023/5/9','90000','10','30000','80000',N'Đã giao','2023/5/3','2023/5/10'),
('DH020','A020','GG05','LD19','2023/5/8','2023/5/9','3360000','30','30000','2271000',N'Đã giao','2023/5/3','2023/5/10'),
('DH021','A021','GG03','LD20','2023/5/8','2023/5/9','330000','20','30000','259000',N'Đã giao','2023/5/3','2023/5/10'),
('DH022','A022','GG02','LD21','2023/5/8','2023/5/9','196000','10','30000','177000',N'Đã giao','2023/5/3','2023/5/10'),
('DH023','A023','GG05','SG5','2023/5/8','2023/5/9','1456000','30','10000','903600',N'Đã giao','2023/5/3','2023/5/10'),
('DH024','A024','GG01','LD22','2023/5/8','2023/5/9','100000','10','30000','850000',N'Đã giao','2023/5/3','2023/5/10'),
('DH025','A025','GG02','SG6','2023/5/8','2023/5/9','2300000','15','30000','217500',N'Đã giao','2023/5/3','2023/5/10'),
('DH026','A026','GG05','LD23','2023/5/8','2023/5/9','760000','30','30000','481000',N'Đã giao','2023/5/3','2023/5/10'),
('DH027','A027','GG04','LD24','2023/5/8','2023/5/9','520000','25','30000','337000',N'Đã giao','2023/5/3','2023/5/10'),
('DH028','A028','GG01','SG7','2023/5/8','2023/5/9','2230000','10','30000','2100000',N'Đã giao','2023/5/3','2023/5/10'),
('DH029','A029','GG05','LD25','2023/5/8','2023/5/9','900000','30','30000','5680000',N'Đã giao','2023/5/3','2023/5/10'),
('DH030','A030','GG03','LD26','2023/5/8','2023/5/9','31300000','20','30000','2241000',N'Đã giao','2023/5/3','2023/5/10'),
('DH031','A031','GG01','LD27','2023/5/8','2023/5/9','140000','10','30000','132000',N'Đã giao','2023/5/3','2023/5/10'),
('DH032','A032','GG02','LD28','2023/5/8','2023/5/9','480000','10','30000','3880000',N'Đã giao','2023/5/3','2023/5/10'),
('DH033','A033',null,'LD29','2022/6/2','2022/6/3','100000','1','30000','90000',N'Đã giao','2023/5/3','2023/5/10'),
('DH034','A034',null,'LD30','2022/6/4','2022/6/5','1300000','1','30000','120000',N'Đã giao','2023/5/3','2023/5/10'),
('DH035','A035',null,'LD31','2022/6/6','2022/6/7','100000','1','30000','80000',N'Đã giao','2023/5/3','2023/5/10'),
('DH036','A036',null,'LD32','2022/6/7','2022/6/8','1480000','1','30000','1350000',N'Đã giao','2023/5/3','2023/5/10'),
('DH037','A037',null,'LD33','2022/6/12','2022/6/13','1776000','1','30000','1646000',N'Đã giao','2023/5/3','2023/5/10'),
('DH038','A038',null,'LD34','2022/2/2','2022/2/3','2220000','1','30000','2190000',N'Đã giao','2023/5/3','2023/5/10'),
('DH039','A039',null,'LD35','2022/2/5','2022/2/6','160000','1','30000','146000',N'Đã giao','2023/5/3','2023/5/10'),
('DH040','A040',null,'LD36','2022/2/6','2022/2/7','80000','1','30000','70000',N'Đã giao','2023/5/3','2023/5/10'),
('DH041','A001',null,'LD37','2022/2/8','2022/2/9','160000','1','30000','150000',N'Đã giao','2023/5/3','2023/5/10'),
('DH042','A002',null,'LD39','2022/6/2','2022/6/3','80000','1','30000','70000',N'Đã giao','2023/5/3','2023/5/10'),
('DH043','A003',null,'SG16','2022/6/4','2022/6/5','160000','1','30000','146000',N'Đã giao','2023/5/3','2023/5/10'),
('DH044','A004',null,'SG17','2022/6/5','2022/6/6','40000','1','30000','35000',N'Đã giao','2023/5/3','2023/5/10'),
('DH045','A005',null,'LD42','2022/6/7','2022/6/8','300000','1','30000','290000',N'Đã giao','2023/5/3','2023/5/10'),
('DH046','A006',null,'LD43','2022/6/12','2022/6/14','120000','1','30000','110000',N'Đã giao','2023/5/3','2023/5/10'),
('DH047','A007',null,'LD44','2022/6/14','2022/6/15','180000','1','30000','170000',N'Đã giao','2023/5/3','2023/5/10'),
('DH048','A008',null,'LD45','2022/6/16','2022/6/17','300000','1','30000','290000',N'Đã giao','2023/5/3','2023/5/10'),
('DH049','A009',null,'LD46','2022/6/16','2022/6/18','240000','1','30000','235000',N'Đã giao','2023/5/3','2023/5/10'),
('DH050','A010',null,'LD47','2022/6/17','2022/6/18','120000','1','30000','115000',N'Đã giao','2023/5/3','2023/5/10'),
('DH051','A011',null,'LD48','2022/6/18','2022/6/19','180000','1','30000','169000',N'Đã giao','2023/5/3','2023/5/10'),
('DH052','A012',null,'LD49','2022/6/20','2022/6/22','60000','1','30000','55000',N'Đã giao','2023/5/3','2023/5/10'),
('DH053','A013',null,'LD50','2022/6/24','2022/6/25','270000','1','30000','265000',N'Đã giao','2023/5/3','2023/5/10'),
('DH054','A014',null,'LD51','2022/6/27','2022/6/28','360000','1','30000','254000',N'Đã giao','2023/5/3','2023/5/10'),
('DH055','A015',null,'SG18','2022/2/2','2022/2/4','300000','1','30000','290000',N'Đã giao','2023/5/3','2023/5/10'),
('DH056','A016',null,'LD52','2022/2/4','2022/2/6','240000','1','30000','235000',N'Đã giao','2023/5/3','2023/5/10'),
('DH057','A017',null,'SG19','2022/2/5','2022/2/6','7680000','1','30000','763000',N'Đã giao','2023/5/3','2023/5/10'),
('DH058','A018',null,'SG20','2022/2/6','2022/2/7','576000','1','30000','550000',N'Đã giao','2023/5/3','2023/5/10'),
('DH059','A019',null,'SG21','2022/2/7','2022/2/8','640000','1','30000','606000',N'Đã giao','2023/5/3','2023/5/10'),
('DH060','A020',null,'LD53','2022/2/9','2022/2/10','384000','1','30000','374000',N'Đã giao','2023/5/3','2023/5/10'),
('DH061','A021',null,'LD54','2022/2/12','2022/2/14','68000','1','30000','60000',N'Đã giao','2023/5/3','2023/5/10'),
('DH062','A022',null,'SG22','2022/2/14','2022/2/15','136000','1','30000','130000',N'Đã giao','2023/5/3','2023/5/10'),
('DH063','A023',null,'LD55','2022/2/18','2022/2/20','136000','1','30000','130000',N'Đã giao','2023/5/3','2023/5/10'),
('DH064','A024',null,'LD56','2022/2/22','2022/2/24','204000','1','30000','190000',N'Đã giao','2023/5/3','2023/5/10');


select *
from DONHANG
delete from donhang
insert into CHITIET_DONHANG
values 
('DH001','C01','DM01','1','300000','30000'),
('DH002','C08','DM03','2','60000','10000'),
('DH003','C03','DM01','1','60000','2000'),
('DH004','C05','DM03','10','1480000','513000'),
('DH005','C09','DM03','5','320000','91000'),
('DH006','C10','DM03','1','90000','13000'),
('DH007','C02','DM01','2','80000','13000'),
('DH008','C04','DM01','3','1300000','23000'),
('DH009','C07','DM02','5','300000','730000'),
('DH010','C11','DM02','1','1030000','11000'),
('DH011','C06','DM02','1','80000','6400'),
('DH012','C12','DM01','5','10330000','6500'),
('DH013','C15','DM04','2','200000','530000'),
('DH014','C14','DM04','1','80000','11000'),
('DH015','C13','DM04','1','68000','9000'),
('DH016','C33','DM01','3','4330000','108750'),
('DH017','C17','DM02','5','300000','730000'),
('DH018','C18','DM03','15','2700000','1080000'),
('DH019','C19','DM04','1','90000','18000'),
('DH020','C20','DM03','16','3360000','1344000'),
('DH021','C21','DM02','6','330000','99000'),
('DH022','C22','DM04','2','167000','29000'),
('DH023','C23','DM03','13','1456000','582400'),
('DH024','C24','DM01','1','100000','20000'),
('DH025','C25','DM04','2','2300000','62500'),
('DH026','C26','DM03','19','760000','304000'),
('DH027','C27','DM02','10','520000','208000'),
('DH028','C28','DM01','1','2230000','430000'),
('DH029','C29','DM03','30','900000','360000'),
('DH030','C30','DM02','9','31300000','9430000'),
('DH031','C31','DM04','1','140000','28000'),
('DH032','C32','DM01','3','480000','10'),
('DH033','C01','DM01','2','100000','10'),
('DH034','C01','DM01','3','1300000','10'),
('DH035','C01','DM01','2','100000','10'),
('DH036','C05','DM03','10','1480000','10'),
('DH037','C05','DM03','12','1776000','10'),
('DH038','C05','DM03','15','2220000','10'),
('DH039','C06','DM02','2','160000','10'),
('DH040','C06','DM02','1','80000','10'),
('DH041','C06','DM02','2','160000','10'),
('DH042','C02','DM01','2','80000','10'),
('DH043','C02','DM01','4','160000','10'),
('DH044','C02','DM01','1','40000','10'),
('DH045','C03','DM01','5','300000','10'),
('DH046','C03','DM01','2','120000','10'),
('DH047','C03','DM01','3','180000','10'),
('DH048','C04','DM01','1','300000','10'),
('DH049','C07','DM02','4','240000','10'),
('DH050','C07','DM02','2','120000','10'),
('DH051','C07','DM02','3','180000','10'),
('DH052','C07','DM02','1','60000','10'),
('DH053','C08','DM03','9','270000','10'),
('DH054','C08','DM03','12','360000','10'),
('DH055','C08','DM03','10','300000','10'),
('DH056','C08','DM03','8','240000','10'),
('DH057','C09','DM03','12','768000','10'),
('DH058','C09','DM03','9','576000','10'),
('DH059','C09','DM03','10','640000','10'),
('DH060','C09','DM03','6','384000','10'),
('DH061','C13','DM04','1','68000','10'),
('DH062','C13','DM04','2','132000','10'),
('DH063','C13','DM04','2','132000','10'),
('DH064','C13','DM04','3','204000','10');
select *
from CHITIET_DONHANG
delete from CHiTIET_DONHANG
--------------------------------------------
insert into THANHTOAN
values 
('TT001',N'Ngân Hàng'),
('TT002',N'Ngân Hàng'),
('TT003',N'Momo'),
('TT004',N'Momo'),
('TT005',N'Momo'),
('TT006',N'Ngân Hàng'),
('TT007',N'Momo'),
('TT008',N'Ngân Hàng'),
('TT009',N'Ngân Hàng'),
('TT010',N'Momo'),
('TT011',N'Momo'),
('TT012',N'Momo'),
('TT013',N'Ngân Hàng'),
('TT014',N'Momo'),
('TT015',N'Ngân Hàng'), 
('TT016',N'Shopee Pay'),
('TT017',N'Ngân Hàng'),
('TT018',N'Momo'),
('TT019',N'Tiền mặt'),
('TT020',N'Shopee Pay'),
('TT021',N'Ngân Hàng'),
('TT022',N'Shopee Pay'),
('TT023',N'Shopee Pay'),
('TT024',N'Momo'),
('TT025',N'Tiền mặt'),
('TT026',N'Shopee Pay'),
('TT027',N'Ngân Hàng'),
('TT028',N'Momo'),
('TT029',N'Momo'),
('TT030',N'Shopee Pay'),
('TT031',N'Ngân Hàng'),
('TT032',N'Shopee Pay'),
('TT033',N'Ngân Hàng'),
('TT034',N'Tiền mặt'),
('TT035',N'Tiền mặt'),
('TT036',N'Ngân Hàng'),
('TT037',N'Tiền mặt'),
('TT038',N'Ngân Hàng'),
('TT039',N'Tiền mặt'),
('TT040',N'Tiền mặt'),
('TT041',N'Momo'),
('TT042',N'Tiền mặt'),
('TT043',N'Ngân Hàng'),
('TT044',N'Tiền mặt'),
('TT045',N'Momo'),
('TT046',N'Ngân Hàng'),
('TT047',N'Momo'),
('TT048',N'Tiền mặt'),
('TT049',N'Ngân Hàng'),
('TT050',N'Momo'),
('TT051',N'Tiền mặt'),
('TT052',N'Tiền mặt'),
('TT053',N'Ngân Hàng'),
('TT054',N'Ngân Hàng'),
('TT055',N'Momo'),
('TT056',N'Tiền mặt'),
('TT057',N'Momo'),
('TT058',N'Tiền mặt'),
('TT059',N'Ngân Hàng'),
('TT060',N'Momo'),
('TT061',N'Tiền mặt'),
('TT062',N'Ngân Hàng'),
('TT063',N'Momo'),
('TT064',N'Tiền mặt');
SELECT *
from THANHTOAN
delete from THANHTOAN
-------------------------------------------------------------

insert into CHITIET_THANHTOAN
values 
('TT001','DH001','2023/5/3',N'Thành công ','2023/5/3','2023/5/10'),
('TT002','DH002','2023/5/4',N'Thành công ','2023/5/3','2023/5/10'),
('TT003','DH003','2023/5/8',N'Thành công ','2023/5/3','2023/5/10'),
('TT004','DH004','2023/5/4',N'Thành công ','2023/5/3','2023/5/10'),
('TT005','DH005','2023/5/3',N'Thành công ','2023/5/3','2023/5/10'),
('TT006','DH006','2023/5/4',N'Thành công ','2023/5/3','2023/5/10'),
('TT007','DH007','2023/5/6',N'Thành công ','2023/5/3','2023/5/10'),
('TT008','DH008','2023/5/4',N'Thành công ','2023/5/3','2023/5/10'),
('TT009','DH009','2023/5/3',N'Thành công ','2023/5/3','2023/5/10'),
('TT010','DH010','2023/5/3',N'Thành công ','2023/5/3','2023/5/10'),
('TT011','DH011','2023/5/3',N'Thành công ','2023/5/3','2023/5/10'),
('TT012','DH012','2023/5/7',N'Thành công ','2023/5/3','2023/5/10'),
('TT013','DH013','2023/5/8',N'Thành công ','2023/5/3','2023/5/10'),
('TT014','DH014','2023/5/3',N'Thành công ','2023/5/3','2023/5/10'),
('TT015','DH015','2023/5/6',N'Thành công ','2023/5/3','2023/5/10'),
('TT016','DH016','2023/5/9',N'Thành công ','2023/5/3','2023/5/10'),
('TT017','DH017','2023/5/9',N'Thành công ','2023/5/3','2023/5/10'),
('TT018','DH018','2023/5/9',N'Thành công ','2023/5/3','2023/5/10'),
('TT019','DH019','2023/5/9',N'Thành công ','2023/5/3','2023/5/10'),
('TT020','DH020','2023/5/9',N'Thành công ','2023/5/3','2023/5/10'),
('TT021','DH021','2023/5/9',N'Thành công ','2023/5/3','2023/5/10'),
('TT022','DH022','2023/5/9',N'Thành công ','2023/5/3','2023/5/10'),
('TT023','DH023','2023/5/9',N'Thành công ','2023/5/3','2023/5/10'),
('TT024','DH024','2023/5/9',N'Thành công ','2023/5/3','2023/5/10'),
('TT025','DH025','2023/5/9',N'Thành công ','2023/5/3','2023/5/10'),
('TT026','DH026','2023/5/9',N'Thành công ','2023/5/3','2023/5/10'),
('TT027','DH027','2023/5/9',N'Thành công ','2023/5/3','2023/5/10'),
('TT028','DH028','2023/5/9',N'Thành công ','2023/5/3','2023/5/10'),
('TT029','DH029','2023/5/9',N'Thành công ','2023/5/3','2023/5/10'),
('TT030','DH030','2023/5/9',N'Thành công ','2023/5/3','2023/5/10'),
('TT031','DH031','2023/5/9',N'Thành công ','2023/5/3','2023/5/10'),
('TT032','DH032','2023/5/9',N'Thành công ','2023/5/3','2023/5/10'),
('TT033','DH033','2022/6/3',N'Thành công ','2023/5/3','2023/5/10'),
('TT034','DH034','2022/6/5',N'Thành công ','2023/5/3','2023/5/10'),
('TT035','DH035','2022/6/7',N'Thành công ','2023/5/3','2023/5/10'),
('TT036','DH036','2022/6/8',N'Thành công ','2023/5/3','2023/5/10'),
('TT037','DH037','2022/6/13',N'Thành công ','2023/5/3','2023/5/10'),
('TT038','DH038','2022/2/3',N'Thành công ','2023/5/3','2023/5/10'),
('TT039','DH039','2022/2/6',N'Thành công ','2023/5/3','2023/5/10'),
('TT040','DH040','2022/2/7',N'Thành công ','2023/5/3','2023/5/10'),
('TT041','DH041','2022/2/9',N'Thành công ','2023/5/3','2023/5/10'),
('TT042','DH042','2022/6/3',N'Thành công ','2023/5/3','2023/5/10'),
('TT043','DH043','2022/6/5',N'Thành công ','2023/5/3','2023/5/10'),
('TT044','DH044','2022/6/6',N'Thành công ','2023/5/3','2023/5/10'),
('TT045','DH045','2022/6/8',N'Thành công ','2023/5/3','2023/5/10'),
('TT046','DH046','2022/6/14',N'Thành công ','2023/5/3','2023/5/10'),
('TT047','DH047','2022/6/15',N'Thành công ','2023/5/3','2023/5/10'),
('TT048','DH048','2022/6/17',N'Thành công ','2023/5/3','2023/5/10'),
('TT049','DH049','2022/6/18',N'Thành công ','2023/5/3','2023/5/10'),
('TT050','DH050','2022/6/18',N'Thành công ','2023/5/3','2023/5/10'),
('TT051','DH051','2022/6/19',N'Thành công ','2023/5/3','2023/5/10'),
('TT052','DH052','2022/6/22',N'Thành công ','2023/5/3','2023/5/10'),
('TT053','DH053','2022/6/25',N'Thành công ','2023/5/3','2023/5/10'),
('TT054','DH054','2022/6/28',N'Thành công ','2023/5/3','2023/5/10'),
('TT055','DH055','2022/2/4',N'Thành công ','2023/5/3','2023/5/10'),
('TT056','DH056','2022/2/6',N'Thành công ','2023/5/3','2023/5/10'),
('TT057','DH057','2022/2/6',N'Thành công ','2023/5/3','2023/5/10'),
('TT058','DH058','2022/2/7',N'Thành công ','2023/5/3','2023/5/10'),
('TT059','DH059','2022/2/8',N'Thành công ','2023/5/3','2023/5/10'),
('TT060','DH060','2022/2/10',N'Thành công ','2023/5/3','2023/5/10'),
('TT061','DH061','2022/2/14',N'Thành công ','2023/5/3','2023/5/10'),
('TT062','DH062','2022/2/15',N'Thành công ','2023/5/3','2023/5/10'),
('TT063','DH063','2022/2/20',N'Thành công ','2023/5/3','2023/5/10'),
('TT064','DH064','2022/2/24',N'Thành công ','2023/5/3','2023/5/10');



SELECT *
from CHITIET_THANHTOAN
delete from CHITIET_THANHTOAN
------------------------------------------------------------

insert into DANHGIA    
values
('DH001','C01',N'Sản phẩm tốt','5','2023/5/20','2023/5/3','2023/5/10'),
('DH002','C08',N'Bộ sách chất lượng','4','2023/5/21','2023/5/3','2023/5/10'),
('DH003','C03',N'Sách rất hay','5','2023/5/22','2023/5/3','2023/5/10'),
('DH004','C05',N'Bộ sách chất lượng','4','2023/5/23','2023/5/3','2023/5/10'),
('DH005','C09',N'Sách giống quảng cáo','4','2023/5/24','2023/5/3','2023/5/10'),
('DH006','C10',N'Sách hay phục vụ tốt','5','2023/5/25','2023/5/3','2023/5/10'),
('DH007','C02',N'Bộ sách chất lượng','5','2023/5/30','2023/5/3','2023/5/10'),
('DH008','C04',N'Sách Khá hay','4','2023/5/5','2023/5/3','2023/5/10'),
('DH009','C07',N'Sách hay phục vụ tốt','5','2023/5/7 ','2023/5/3','2023/5/10'),
('DH015','C13',N'Sách khá','4','2023/5/9','2023/5/3','2023/5/10'),
('DH017','C17',N'Sách bị nhàu','3','2023/5/9','2023/5/3','2023/5/10'),
('DH019','C19',N'Sách tạm ổn chất lượng ok','5','2023/5/9','2023/5/3','2023/5/10'),
('DH021','C21',N'Sách hay phục vụ tốt','5','2023/5/9','2023/5/3','2023/5/10'),
('DH023','C23',N'Sách ổn','4','2023/5/9','2023/5/3','2023/5/10'),
('DH025','C25',N'Sách hay ','5','2023/5/9','2023/5/3','2023/5/10'),
('DH027','C27',N'Sách hay phục vụ tốt','5','2023/5/9','2023/5/3','2023/5/10'),
('DH033','C01',N'Sách hay ','5','2023/6/6','2023/5/3','2023/5/10'),
('DH034','C01',N'Sách khá ổn ','4','2023/6/5','2023/5/3','2023/5/10'),
('DH035','C01',N'Sách không giống như kì vọng','3','2023/6/7','2023/5/3','2023/5/10'),
('DH036','C05',N'Sách rất hay nên được phổ biến cho giới trẻ','5','2023/6/8','2023/5/3','2023/5/10'),
('DH037','C05',N'Sách hay và ý nghĩa','5','2023/6/13','2023/5/3','2023/5/10'),
('DH038','C05',N'Sách hay nên đọc','5','2023/2/3','2023/5/3','2023/5/10'),
('DH039','C06',N'Sách hay chất lượng tốt','5','2023/2/6','2023/5/3','2023/5/10'),
('DH040','C06',N'Sách bị nhàu ','3','2023/2/7','2023/5/3','2023/5/10'),
('DH041','C06',N'Sách tạm ổn','4','2023/2/9','2023/5/3','2023/5/10'),
('DH042','C02',N'Sách tạm ổn ','4','2023/2/3','2023/5/3','2023/5/10'),
('DH043','C02',N'Sách không hay ','3',' 2023/2/5','2023/5/3','2023/5/10'),
('DH044','C02',N'Sách hay ','5','2023/2/6','2023/5/3','2023/5/10'),
('DH045','C03',N'Sách bị nhàu ','3','2023/2/8','2023/5/3','2023/5/10'),
('DH046','C03',N'Sách tạm ổn dịch vụ tốt ','4','2023/2/14','2023/5/3','2023/5/10'),
('DH047','C03',N'Sách khá hay, chất lượng ổn ','5',' 2023/2/15','2023/5/3','2023/5/10'),
('DH048','C04',N'Sách tạm ','4',' 2023/2/17','2023/5/3','2023/5/10'),
('DH049','C07',N'Sách khá ổn ','4','2023/2/18','2023/5/3','2023/5/10'),
('DH050','C07',N'Sách hay chất lượng cao ','5','2023/2/18 ','2023/5/3','2023/5/10'),
('DH051','C07',N'Sách tạm ổn nhưng chất lượng kém ','3','2023/2/19 ','2023/5/3','2023/5/10'),
('DH052','C07',N'Sách ổn','4','2023/2/22','2023/5/3','2023/5/10'),
('DH053','C08',N'Sách rất hay ','5','2023/2/4','2023/5/3','2023/5/10'),
('DH054','C08',N'Sách hay nhưng chất lượng không tốt lắm ','4',' 2023/2/28','2023/5/3','2023/5/10'),
('DH055','C08',N'Sách ổn ','4','2023/2/4','2023/5/3','2023/5/10'),
('DH056','C08',N'Sách hay nên phổ cập rộng ','5','  2023/2/6','2023/5/3','2023/5/10'),
('DH057','C09',N'Sách hay nhưng hơi nhàu ','4','  2023/2/6','2023/5/3','2023/5/10'),
('DH058','C09',N'Sách hay chất lượng tốt ','5','  2023/2/7','2023/5/3','2023/5/10'),
('DH059','C09',N'Sách khá ổn ','4','  2023/2/8','2023/5/3','2023/5/10'),
('DH060','C09',N'Sách hay nên phổ cập rộng ','5','  2023/2/10','2023/5/3','2023/5/10'),
('DH061','C13',N'Sách tạm ổn ','4','  2023/2/14','2023/5/3','2023/5/10'),
('DH062','C13',N'Sách khá hay nhưng chất lượng hơi kém ','3',' 2023/2/15','2023/5/3','2023/5/10'),
('DH063','C13',N'Sách khá ổn ','4','  2023/2/20','2023/5/3','2023/5/10'),
('DH064','C13',N'Sách không được như kì vọng ','3','  2023/2/24','2023/5/3','2023/5/10');
SELECT *
From DANHGIA
delete From DANHGIA


-------------------------------------------------------------------------------------------
 insert into DANGNHAP
values 
('DN01','Hoang123','123',N'Hoạt động'),
('DN02','Vanthai','123',N'Không hoạt động'),
('DN03','Lyys','123',N'Hoạt động'),
('DN04','Hkhai1','123',N'Hoạt động'),
('DN05','Haoga','123',N'Không Hoạt động'),
('DN06','Vson12','123',N'Hoạt động'),
('DN07','Tmyus','123',N'Không Hoạt động'),
('DN08','TTHuy','123',N'Hoạt động'),
('DN09','Ngochai1','123',N'Hoạt động'),
('DN10','Tngan95','123',N'Không Hoạt động'),
('DN11','Hangeng','123',N'Hoạt động'),
('DN12','Phutrinh','123',N'Không Hoạt động'),
('DN13','Kietlac1','123',N'Hoạt động'),
('DN14','QViet1','123',N'Hoạt động'),
('DN15','Hane1','123',N'Không Hoạt động'),
('DN16','Thuc2004','123',N'Hoạt động'),
('DN17','Man2k5','123',N'Hoạt động'),
('DN18','Hien21','123',N'Hoạt động'),
('DN19','ĐHau1','123',N'Hoạt động'),
('DN20','Duy2007','123',N'Hoạt động'),
('DN21','Cloud','123',N'Hoạt động'),
('DN22','My12','123',N'Hoạt động'),
('DN23','Dungga','123',N'Hoạt động'),
('DN24','Winwin','123',N'Không Hoạt động'),
('DN25','Lamhd','123',N'Hoạt động'),
('DN26','ThuTT','123',N'Không Hoạt động'),
('DN27','Hieuex','123',N'Hoạt động'),
('DN28','QTram2','123',N'Không Hoạt động'),
('DN29','TVine','123',N'Hoạt động'),
('DN30','HungA1','123',N'Không Hoạt động'),
('DN31','XVan2','123',N'Không Hoạt động'),
('DN32','Trung2','123',N'Hoạt động'),
('DN33','Truong987','123',N'Hoạt động'),
('DN34','Txuaan1','123',N'Không Hoạt động'),
('DN35','Quocga1','123',N'Hoạt động'),
('DN36','HChien','123',N'Không Hoạt động'),
('DN37','Thhhien','123',N'Hoạt động'),
('DN38','Kietlacc','123',N'Không Hoạt động'),
('DN39','Trang1','123',N'Không Hoạt động'),
('DN40','Vuongvan1','123',N'Hoạt động');
